;Filename;Count
0;je800110r;8773
1;je900596d;2110
2;je5010214;1866
3;j.jct.2011.10.023;1131
4;acs.jced.5b00934;987
5;je201002j;636
6;je8006875;560
7;je3003805;530
8;je800251v;528
9;je400055v;497
10;j.jct.2008.02.020;484
11;je700339f;484
12;je600573w;415
13;acs.jced.5b00385;405
14;j.fluid.2012.11.013;400
15;je049652j;398
16;je4005323;396
17;je700145e;393
18;j.tca.2015.08.013;385
19;je400122k;380
20;acs.jced.5b00051;374
21;je300405a;372
22;j.jct.2010.08.010;362
23;j.jct.2009.07.006;352
24;j.jct.2012.08.014;351
25;j.jct.2012.11.002;324
26;je049973v;318
27;je400783h;316
28;j.jct.2011.02.008;313
29;je1001413;300
30;j.fluid.2007.04.023;300
31;je301283e;294
32;je034036t;280
33;je800356x;271
34;je049580w;270
35;je0502849;270
36;je060411g;269
37;j.jct.2007.05.007;264
38;s10765-010-0766-0;253
39;je049929f;252
40;j.jct.2005.10.002;240
41;je7004374;232
42;j.fluid.2014.04.018;229
43;j.jct.2011.08.012;226
44;j.fluid.2011.04.022;225
45;je301333b;225
46;je800786k;220
47;je100237h;220
48;j.jct.2013.05.051;216
49;je034134e;214
50;j.jct.2011.08.016;213
51;je025657+;211
52;j.jct.2008.01.006;210
53;s10765-007-0223-x;205
54;je0604378;204
55;je101361u;204
56;j.jct.2009.12.002;202
57;j.fluid.2005.07.009;201
58;je700096m;200
59;je4001697;194
60;acs.jced.5b00662;188
61;j.fluid.2012.09.001;186
62;acs.jced.5b00152;185
63;je100042c;185
64;je900537y;184
65;j.fluid.2006.05.032;182
66;je0500936;182
67;j.jct.2004.10.001;182
68;j.tca.2014.10.002;180
69;j.jct.2007.05.009;180
70;je9010773;180
71;je400274f;180
72;je050001c;179
73;j.jct.2005.09.003;176
74;j.jct.2004.10.011;176
75;j.jct.2007.11.009;176
76;je700343t;176
77;j.jct.2012.09.016;174
78;j.tca.2005.10.007;172
79;j.tca.2006.04.016;171
80;je0340304;168
81;je0499364;168
82;j.jct.2015.10.006;165
83;j.jct.2008.10.010;163
84;je7003758;161
85;j.jct.2010.03.022;160
86;je0342320;160
87;je500512f;159
88;j.jct.2013.05.025;158
89;j.tca.2006.01.013;157
90;j.jct.2015.12.028;154
91;je2008582;154
92;je700261b;150
93;j.jct.2008.12.014;150
94;je060154f;150
95;j.tca.2013.11.010;150
96;j.fluid.2008.03.004;150
97;je050050p;150
98;je7003929;150
99;je4003256;150
100;acs.jced.5b00613;149
101;je050020m;148
102;je8009418;148
103;j.jct.2010.05.002;148
104;j.jct.2006.07.009;147
105;je700406p;147
106;je060283w;145
107;je900227j;144
108;j.tca.2014.03.043;144
109;je034056v;144
110;j.jct.2005.03.016;144
111;je400157s;143
112;s10765-006-0110-x;140
113;je800998u;139
114;j.jct.2012.03.013;136
115;j.jct.2012.07.018;133
116;je0503204;132
117;je050069s;132
118;j.jct.2007.02.009;131
119;je049893r;128
120;je034218n;128
121;j.jct.2014.08.023;126
122;j.jct.2015.05.027;126
123;j.fluid.2005.07.017;123
124;je300148f;123
125;je200682t;122
126;j.jct.2012.09.027;122
127;s10765-008-0535-5;121
128;j.jct.2011.01.014;121
129;je6005778;121
130;je049925a;120
131;je700287u;120
132;je501065g;116
133;s10765-008-0503-0;114
134;s10765-008-0485-y;114
135;je1012235;112
136;je800012v;111
137;je700737c;110
138;j.fluid.2012.02.007;110
139;j.jct.2012.05.016;110
140;j.fluid.2008.06.007;110
141;j.jct.2008.08.003;109
142;je8005369;108
143;j.jct.2011.04.011;108
144;j.jct.2008.05.014;107
145;je300958c;106
146;je025606c;105
147;je900414p;104
148;j.tca.2015.06.017;100
149;je5007604;100
150;j.jct.2008.11.005;100
151;j.fluid.2006.01.027;100
152;je049762q;98
153;je050135q;96
154;je501106d;96
155;je050170x;94
156;je034177v;93
157;j.tca.2008.12.007;92
158;j.jct.2005.02.003;92
159;j.jct.2011.10.001;92
160;je049662k;90
161;je0605036;90
162;je034101z;90
163;je800417q;89
164;j.fluid.2007.04.030;88
165;je800024u;88
166;je800244q;88
167;j.jct.2005.05.019;86
168;je050065n;84
169;j.jct.2008.12.020;84
170;je700080k;83
171;je100581m;82
172;je030136n;81
173;acs.jced.5b00474;79
174;j.jct.2004.06.009;79
175;je050444g;79
176;je5009334;79
177;j.jct.2005.06.002;78
178;j.fluid.2006.12.011;78
179;j.jct.2016.02.010;77
180;je0604232;77
181;je300652k;75
182;je500062a;75
183;s10765-009-0610-6;75
184;j.jct.2007.03.012;74
185;je900105g;74
186;acs.jced.5b00346;74
187;j.jct.2015.09.031;72
188;j.tca.2006.10.025;72
189;j.jct.2011.07.005;70
190;je900739x;70
191;je100765j;70
192;j.jct.2014.04.022;70
193;je300789a;70
194;j.jct.2007.04.011;69
195;j.jct.2005.03.006;69
196;j.jct.2011.12.010;69
197;je034013e;68
198;je700188w;68
199;je3008974;66
200;je300234g;65
201;je100927m;65
202;j.fluid.2014.01.030;64
203;je060200b;62
204;je100353j;61
205;s10765-009-0607-1;61
206;j.jct.2012.02.001;60
207;j.jct.2012.11.011;60
208;j.fluid.2014.06.005;60
209;j.jct.2012.10.002;60
210;j.jct.2004.09.007;60
211;je101286a;60
212;je4004965;60
213;je3009304;60
214;je034005y;60
215;je400178k;60
216;j.jct.2011.12.013;60
217;j.jct.2007.05.011;60
218;j.fluid.2008.06.014;60
219;s10765-006-0079-5;59
220;acs.jced.5b00724;59
221;je600562n;58
222;je700325c;57
223;j.fluid.2015.05.026;57
224;acs.jced.5b00790;57
225;je0499768;56
226;je0340755;55
227;je300775u;55
228;j.jct.2012.01.008;54
229;j.jct.2007.05.005;54
230;je900437b;54
231;je700015t;54
232;je301301j;54
233;j.jct.2005.10.009;54
234;j.fluid.2014.03.017;54
235;je400149j;53
236;j.jct.2012.12.003;53
237;j.jct.2014.06.023;52
238;j.jct.2008.09.018;52
239;j.fluid.2013.08.007;52
240;s10765-006-0053-2;51
241;j.fluid.2013.06.041;50
242;je300590v;50
243;j.jct.2010.06.011;50
244;je7006692;50
245;j.jct.2008.01.015;50
246;j.jct.2012.10.025;50
247;je060353z;49
248;s10765-010-0768-y;49
249;j.jct.2012.09.012;48
250;j.jct.2012.09.015;48
251;j.jct.2010.01.003;48
252;je700428f;48
253;je0340248;48
254;je900048r;48
255;je5005752;48
256;je049685z;48
257;j.fluid.2014.10.004;48
258;je0503296;47
259;je600554h;46
260;je100089s;46
261;je060301+;46
262;j.jct.2011.06.013;46
263;acs.jced.5b00784;45
264;j.jct.2005.05.003;45
265;j.fluid.2014.06.024;45
266;j.fluid.2008.03.009;45
267;j.jct.2005.02.004;45
268;j.fluid.2008.02.023;45
269;j.jct.2014.09.020;45
270;j.tca.2011.08.002;45
271;je400679k;44
272;je800999s;44
273;je200668a;44
274;j.jct.2014.01.020;44
275;je700021f;44
276;je700740e;44
277;j.fluid.2014.05.029;44
278;je900922x;44
279;s10765-009-0562-x;43
280;s10765-007-0369-6;43
281;je7006549;42
282;je050463q;42
283;j.tca.2012.04.002;42
284;j.jct.2007.02.008;42
285;j.fluid.2006.03.015;42
286;j.jct.2013.01.013;42
287;je401098b;42
288;j.jct.2011.10.027;42
289;je5007532;42
290;j.jct.2006.09.014;42
291;j.jct.2008.04.003;42
292;j.tca.2011.07.023;42
293;acs.jced.5b00009;42
294;j.jct.2012.09.009;42
295;j.tca.2012.08.011;42
296;je100610v;41
297;j.jct.2005.03.012;41
298;je2013473;41
299;j.tca.2012.01.013;40
300;acs.jced.5b00031;40
301;je300799f;40
302;je400539h;40
303;je060496l;40
304;j.fluid.2014.04.002;40
305;s10765-009-0593-3;40
306;j.fluid.2013.11.031;40
307;j.jct.2005.05.020;40
308;j.tca.2014.06.026;40
309;je0500734;40
310;j.fluid.2015.07.031;40
311;je800026p;40
312;j.jct.2012.06.031;40
313;je100577v;40
314;je5010164;40
315;j.fluid.2010.08.014;39
316;acs.jced.5b00789;39
317;acs.jced.5b00597;38
318;je200373q;38
319;acs.jced.5b00838;38
320;j.fluid.2011.11.022;38
321;je5005643;38
322;j.fluid.2012.10.024;38
323;je3013342;38
324;je900284z;37
325;j.jct.2012.02.039;37
326;j.jct.2012.09.026;37
327;je049572f;37
328;je100734t;37
329;je049895b;37
330;je900732r;36
331;je901020a;36
332;je0600808;36
333;je7001946;36
334;j.jct.2004.12.010;36
335;j.jct.2014.01.030;36
336;je0603325;36
337;j.fluid.2014.01.019;36
338;je020140j;36
339;je301353z;36
340;je034022n;36
341;j.fluid.2009.11.030;36
342;je800593p;36
343;j.jct.2013.10.018;36
344;je0201323;36
345;je400529k;36
346;j.jct.2013.08.013;36
347;je7001804;36
348;je600515j;36
349;j.jct.2008.09.006;36
350;je0342825;36
351;je100652b;36
352;j.jct.2013.12.006;36
353;j.jct.2005.03.019;36
354;j.jct.2012.01.011;36
355;je0340809;35
356;j.jct.2012.10.015;35
357;je5002945;35
358;je200673a;35
359;j.jct.2013.01.009;35
360;je4004806;35
361;j.fluid.2010.01.027;35
362;je400803f;35
363;s10765-010-0737-5;35
364;j.jct.2012.11.027;35
365;j.fluid.2014.05.033;34
366;je3013205;34
367;j.jct.2013.01.006;34
368;je060445o;34
369;je050056e;34
370;j.tca.2014.06.031;34
371;je600557n;33
372;j.tca.2012.01.007;33
373;je049663c;33
374;s10765-006-0088-4;33
375;j.tca.2014.01.027;33
376;j.jct.2009.06.023;33
377;je900404r;32
378;j.jct.2011.12.002;32
379;je9005618;32
380;j.jct.2011.06.019;32
381;je049610v;32
382;je050389b;32
383;je034048e;32
384;je100967k;32
385;j.jct.2005.03.024;32
386;j.tca.2013.03.025;32
387;j.jct.2012.11.007;32
388;j.jct.2014.07.023;32
389;je049609w;32
390;j.jct.2012.11.032;32
391;j.jct.2012.07.007;32
392;je900064e;32
393;je700499d;32
394;j.tca.2013.12.016;32
395;j.jct.2008.05.004;32
396;j.tca.2012.10.004;32
397;je800653d;32
398;je100100n;32
399;s10765-015-1980-6;32
400;je060343y;32
401;j.jct.2013.09.035;32
402;j.jct.2012.07.019;32
403;je800203s;32
404;je5010593;31
405;j.jct.2013.11.027;31
406;j.jct.2010.12.009;31
407;j.jct.2006.11.003;31
408;je049776w;31
409;je900597n;31
410;j.fluid.2007.09.028;31
411;je501041r;30
412;je5004719;30
413;j.fluid.2007.07.016;30
414;je100362p;30
415;je050110r;30
416;j.jct.2008.02.015;30
417;j.fluid.2011.06.011;30
418;s10765-008-0399-8;30
419;je050414d;30
420;je401036f;30
421;je900689m;30
422;acs.jced.5b00802;30
423;j.jct.2010.09.008;30
424;j.jct.2004.11.016;30
425;j.tca.2012.05.036;30
426;s10765-007-0204-0;30
427;je800594e;30
428;j.jct.2012.02.007;30
429;je500977g;30
430;j.tca.2011.02.002;30
431;j.jct.2014.06.030;30
432;je900056u;30
433;j.tca.2012.05.004;30
434;j.jct.2013.01.020;30
435;je900307z;30
436;j.jct.2008.12.010;30
437;j.tca.2010.05.012;30
438;je401015e;30
439;s10765-009-0648-5;30
440;je501141e;30
441;je201102x;30
442;acs.jced.5b00049;30
443;je400408w;30
444;s10765-006-0063-0;30
445;j.jct.2006.06.008;30
446;je9006597;30
447;j.jct.2006.01.015;30
448;j.jct.2007.02.002;30
449;je1009619;30
450;je0301794;30
451;j.tca.2009.01.008;30
452;j.fluid.2009.10.018;30
453;je030147g;29
454;je060382+;29
455;je8003782;29
456;j.jct.2011.12.024;28
457;je900661c;28
458;je050402s;28
459;je7002513;28
460;je5010643;28
461;j.jct.2006.02.001;28
462;j.jct.2006.03.018;28
463;j.jct.2007.10.010;28
464;j.jct.2005.06.011;28
465;j.jct.2014.01.012;28
466;je401124t;28
467;je050416y;28
468;je400781b;27
469;j.jct.2006.09.017;27
470;je0496950;27
471;je049777o;27
472;j.jct.2006.09.007;27
473;j.jct.2006.05.006;27
474;je500455u;27
475;s10765-011-1149-x;27
476;je030102f;27
477;je200121f;26
478;j.fluid.2008.02.008;26
479;j.jct.2013.08.033;26
480;je3011979;26
481;j.jct.2012.02.036;26
482;j.jct.2006.10.016;26
483;j.tca.2011.07.005;26
484;je900722m;26
485;je500498m;26
486;j.fluid.2015.05.031;26
487;je100832h;26
488;je700193w;26
489;je050200w;26
490;j.jct.2013.12.025;25
491;je1008262;25
492;j.jct.2005.10.004;25
493;j.tca.2011.01.019;25
494;je1013476;25
495;j.tca.2010.04.025;25
496;j.fluid.2005.05.012;25
497;je034208m;25
498;j.jct.2007.11.010;25
499;j.jct.2012.01.013;25
500;je200707b;25
501;j.tca.2014.03.042;25
502;je500153g;25
503;j.jct.2007.05.016;25
504;j.tca.2005.10.008;25
505;j.tca.2013.07.012;25
506;j.jct.2005.10.022;24
507;j.jct.2007.09.004;24
508;je400134d;24
509;j.jct.2013.01.032;24
510;j.jct.2013.09.024;24
511;j.jct.2008.02.005;24
512;j.jct.2005.01.002;24
513;je900523k;24
514;je900874z;24
515;j.tca.2009.07.002;24
516;je7002836;24
517;j.jct.2012.10.023;24
518;j.jct.2012.05.023;24
519;j.fluid.2007.12.007;24
520;je900733j;24
521;je901043q;24
522;j.tca.2009.10.001;24
523;je700281z;24
524;j.jct.2009.12.008;24
525;j.jct.2008.06.001;24
526;j.fluid.2014.11.005;24
527;je700266n;24
528;je900442b;24
529;je8008182;24
530;je050540h;24
531;j.jct.2005.08.002;24
532;je400512u;24
533;je100472t;24
534;j.jct.2008.07.005;24
535;j.tca.2013.03.031;24
536;je200806n;24
537;j.tca.2012.12.008;24
538;je400917j;24
539;j.jct.2013.09.043;24
540;s10765-013-1526-8;24
541;je900525f;24
542;j.jct.2012.12.007;24
543;je101358p;24
544;s10765-011-0995-x;24
545;je200504u;24
546;j.jct.2015.09.022;24
547;je0497810;24
548;j.jct.2013.05.009;24
549;j.tca.2011.05.006;24
550;je7005727;24
551;j.tca.2010.09.004;24
552;je901052w;24
553;je400722h;24
554;j.fluid.2005.10.022;24
555;j.tca.2011.02.004;24
556;j.jct.2005.12.005;24
557;j.jct.2009.01.008;24
558;je300280s;23
559;je900468u;23
560;je700344f;23
561;je0497496;23
562;je800930v;23
563;j.jct.2015.06.009;23
564;je100526j;23
565;j.jct.2011.05.003;23
566;je049585t;23
567;j.jct.2011.01.005;23
568;j.jct.2009.01.006;22
569;j.tca.2015.08.003;22
570;j.tca.2009.11.011;22
571;je8006474;22
572;je800164w;22
573;j.fluid.2011.02.002;22
574;je049738c;22
575;je800150h;22
576;j.tca.2013.10.016;22
577;je400839x;22
578;j.jct.2016.02.007;22
579;je200609g;22
580;je5008789;22
581;je030107c;21
582;je0341920;21
583;j.jct.2015.12.025;21
584;je060307z;21
585;je0301489;21
586;j.jct.2004.09.021;21
587;j.jct.2006.06.005;21
588;je060491o;21
589;j.jct.2012.10.008;21
590;je501074b;21
591;j.jct.2004.08.003;21
592;je4000372;20
593;j.jct.2012.02.033;20
594;je9003959;20
595;j.tca.2013.12.021;20
596;j.jct.2013.06.020;20
597;je0302304;20
598;j.fluid.2010.01.002;20
599;je050165t;20
600;je060179e;20
601;je201222n;20
602;je700580g;20
603;j.fluid.2012.11.039;20
604;j.jct.2008.06.008;20
605;acs.jced.5b00343;20
606;s10765-013-1492-1;20
607;j.jct.2007.09.007;20
608;j.jct.2013.01.023;20
609;je4000394;20
610;je800571y;20
611;je300974g;20
612;j.jct.2004.09.014;20
613;je3011634;20
614;j.tca.2009.06.015;20
615;j.jct.2011.12.008;20
616;j.jct.2008.05.003;20
617;j.jct.2013.09.017;20
618;je9002515;20
619;j.jct.2015.03.019;20
620;je0504156;20
621;je201009c;20
622;s10765-013-1469-0;20
623;je050376y;20
624;je0201828;20
625;je301095j;20
626;j.jct.2006.03.010;20
627;j.jct.2013.05.040;20
628;je100369a;20
629;j.jct.2015.09.017;20
630;je400968v;20
631;j.jct.2009.08.016;20
632;j.jct.2013.08.007;20
633;j.tca.2013.04.011;20
634;je060475r;20
635;je300085z;20
636;j.jct.2012.11.015;20
637;je060025z;19
638;j.fluid.2010.03.001;19
639;je0501235;19
640;je100657n;19
641;j.fluid.2014.01.029;19
642;j.tca.2009.02.013;19
643;j.jct.2006.01.016;19
644;je049661s;19
645;je0601513;19
646;je900194v;19
647;je0496140;19
648;j.tca.2007.05.014;19
649;j.jct.2008.07.010;19
650;j.tca.2011.06.020;19
651;j.jct.2013.02.022;19
652;je7000182;18
653;j.fluid.2006.11.005;18
654;je0498053;18
655;je060355j;18
656;je8007414;18
657;acs.jced.5b00537;18
658;je700755t;18
659;je5000132;18
660;je7001623;18
661;je034002l;18
662;j.fluid.2006.02.023;18
663;je900503p;18
664;je060210c;18
665;s10765-008-0390-4;18
666;j.jct.2007.01.009;18
667;je8009336;18
668;j.fluid.2014.12.012;18
669;je300384g;18
670;je200600p;18
671;je900212d;18
672;je060497d;18
673;j.tca.2005.08.012;18
674;je900938b;18
675;je700026d;18
676;j.jct.2013.08.021;18
677;j.fluid.2013.10.057;18
678;j.jct.2006.04.005;18
679;je800138b;18
680;je700029q;18
681;j.jct.2014.12.022;18
682;je030151s;18
683;s10765-011-1087-7;18
684;je7007654;18
685;j.fluid.2008.09.004;18
686;j.fluid.2011.10.018;18
687;j.jct.2009.02.002;18
688;j.jct.2008.09.002;18
689;j.jct.2012.05.005;18
690;je049960h;18
691;j.fluid.2012.01.023;18
692;je060123k;18
693;je700020t;18
694;je0500431;18
695;j.tca.2014.03.038;18
696;j.jct.2013.09.032;17
697;je030120x;17
698;j.fluid.2005.07.013;17
699;acs.jced.5b01075;17
700;j.jct.2013.12.012;17
701;j.jct.2011.12.015;17
702;je700430g;17
703;j.fluid.2011.08.020;17
704;je400140n;17
705;j.jct.2009.06.021;17
706;je2010038;17
707;je1001158;16
708;j.jct.2008.01.022;16
709;je0601098;16
710;je400423u;16
711;je400659p;16
712;s10765-007-0259-y;16
713;j.fluid.2012.08.030;16
714;j.jct.2007.11.002;16
715;je8004134;16
716;je049912x;16
717;je050316s;16
718;je400486p;16
719;je300542s;16
720;je300899n;16
721;j.jct.2012.10.011;16
722;j.fluid.2014.09.022;16
723;j.jct.2012.02.023;16
724;je060311a;16
725;je050183a;16
726;j.jct.2006.07.025;16
727;je050367p;16
728;j.jct.2013.01.010;16
729;j.jct.2015.03.021;16
730;je1000796;16
731;s10765-010-0874-x;16
732;je2007204;16
733;j.jct.2010.11.007;16
734;je0504459;16
735;je8008254;16
736;acs.jced.5b00156;16
737;s10765-008-0542-6;16
738;j.tca.2013.05.015;16
739;je201116t;16
740;j.tca.2013.09.017;16
741;j.jct.2010.12.016;16
742;je900535d;16
743;j.fluid.2007.01.001;16
744;je060248p;16
745;je1002829;16
746;j.tca.2012.06.011;16
747;j.jct.2004.07.015;16
748;s10765-006-0047-0;16
749;je0500633;15
750;je8003707;15
751;je700671t;15
752;j.fluid.2008.02.005;15
753;je0500025;15
754;j.jct.2005.01.007;15
755;je049721u;15
756;j.jct.2015.05.006;15
757;je030226s;15
758;j.jct.2004.09.018;15
759;s10765-012-1373-z;15
760;je500314x;15
761;je050159x;15
762;je100715x;15
763;j.fluid.2006.10.024;15
764;je300316a;15
765;je900478c;15
766;je901071x;15
767;je700672f;15
768;je0502344;15
769;je200327s;15
770;je100341q;15
771;j.jct.2005.10.010;15
772;j.jct.2007.05.006;15
773;je060485s;15
774;j.jct.2008.12.003;15
775;j.fluid.2012.07.032;15
776;j.tca.2013.06.033;15
777;je900531b;15
778;je030167i;15
779;j.jct.2013.09.039;15
780;je0341918;15
781;j.fluid.2012.08.002;14
782;je2010209;14
783;j.fluid.2013.08.029;14
784;s10765-011-0989-8;14
785;je034173q;14
786;j.jct.2015.09.028;14
787;s10765-010-0752-6;14
788;j.jct.2015.02.011;14
789;je300134c;14
790;j.jct.2012.11.004;14
791;je200922s;14
792;j.fluid.2014.04.021;14
793;acs.jced.5b00282;14
794;je700300y;14
795;j.tca.2013.08.002;14
796;je049591p;14
797;je300941v;14
798;j.jct.2014.03.021;14
799;j.jct.2010.05.016;14
800;j.jct.2010.07.014;14
801;j.jct.2012.08.024;14
802;je034203p;14
803;je400184t;14
804;je900093h;14
805;je8002699;13
806;je400159e;13
807;acs.jced.5b01023;13
808;je050223a;13
809;je200575c;13
810;je3007474;13
811;je300086w;13
812;j.jct.2013.04.010;13
813;je100821g;13
814;j.fluid.2007.05.030;13
815;j.jct.2015.08.014;13
816;acs.jced.5b00412;13
817;je060441j;13
818;je9010882;13
819;je050413l;13
820;j.jct.2011.07.021;12
821;j.jct.2015.12.030;12
822;je0601255;12
823;je400576e;12
824;je060490w;12
825;je0498457;12
826;j.jct.2013.04.015;12
827;je800046k;12
828;je100552a;12
829;je800157v;12
830;je801006q;12
831;j.tca.2012.10.024;12
832;je301167q;12
833;je034076x;12
834;je200350a;12
835;je060017i;12
836;je100170v;12
837;acs.jced.5b00317;12
838;j.jct.2007.01.008;12
839;j.tca.2011.08.013;12
840;s10765-009-0667-2;12
841;j.jct.2007.08.006;12
842;je1008125;12
843;je700619q;12
844;j.tca.2014.05.004;12
845;j.jct.2006.03.014;12
846;j.tca.2012.05.025;12
847;je1004092;12
848;je800077r;12
849;je0502546;12
850;j.fluid.2010.05.001;12
851;j.jct.2004.09.009;12
852;je900954y;12
853;j.jct.2013.10.027;12
854;je0498208;12
855;je049556i;12
856;j.fluid.2013.11.025;12
857;je901067c;12
858;je030163d;12
859;je0400052;12
860;je100848r;12
861;je060192z;12
862;j.jct.2006.05.003;12
863;j.jct.2005.03.027;12
864;j.tca.2013.03.017;12
865;j.fluid.2015.06.041;12
866;je800981d;12
867;j.jct.2014.08.005;12
868;j.jct.2013.09.001;12
869;j.jct.2007.05.004;12
870;s10765-010-0860-3;12
871;j.jct.2005.06.015;12
872;j.fluid.2011.01.018;12
873;j.jct.2004.11.013;12
874;je030130y;12
875;j.jct.2011.09.001;12
876;je100658y;12
877;je034017j;12
878;je050169y;12
879;je800883b;12
880;j.jct.2012.09.013;12
881;j.jct.2004.12.002;12
882;je030101n;12
883;je800325d;12
884;j.jct.2013.09.008;12
885;je200757a;12
886;je0501585;12
887;j.fluid.2015.12.007;12
888;j.jct.2007.05.015;12
889;je050162g;12
890;j.tca.2012.04.001;12
891;j.jct.2008.10.002;12
892;j.jct.2008.08.013;12
893;je050006+;12
894;j.fluid.2014.06.026;12
895;j.jct.2007.04.006;12
896;je040012q;12
897;j.jct.2013.10.008;12
898;je8000427;11
899;j.fluid.2006.10.013;11
900;je900864n;11
901;je100788g;11
902;j.fluid.2013.01.027;11
903;je5008444;11
904;j.tca.2014.11.028;11
905;je034263v;11
906;j.fluid.2015.04.021;11
907;j.jct.2005.04.019;11
908;acs.jced.5b00535;11
909;j.jct.2012.05.020;11
910;je100671v;11
911;je050021e;11
912;je0504212;11
913;je9002948;11
914;je100693c;11
915;je050116g;11
916;je300631s;11
917;j.jct.2015.09.010;11
918;j.fluid.2015.03.040;11
919;j.fluid.2013.12.017;11
920;je401101u;10
921;j.jct.2015.02.022;10
922;je049678a;10
923;j.jct.2012.04.007;10
924;j.jct.2013.09.005;10
925;j.jct.2008.03.017;10
926;j.jct.2015.07.002;10
927;j.jct.2008.12.022;10
928;j.jct.2013.09.041;10
929;je200093f;10
930;je200468r;10
931;je050333h;10
932;j.jct.2005.07.018;10
933;je901072c;10
934;j.tca.2009.03.014;10
935;j.jct.2009.06.006;10
936;j.jct.2011.10.002;10
937;je050156k;10
938;j.tca.2012.03.001;10
939;j.tca.2013.12.015;10
940;j.tca.2010.05.016;10
941;j.jct.2013.11.021;10
942;j.jct.2009.01.010;10
943;je800940j;10
944;je800684x;10
945;j.jct.2014.06.031;10
946;j.jct.2006.01.009;10
947;acs.jced.5b00545;10
948;j.jct.2010.12.028;10
949;je800497u;10
950;j.jct.2004.11.020;10
951;j.jct.2005.03.020;10
952;je049899g;10
953;s10765-008-0395-z;10
954;je040008e;10
955;j.fluid.2013.06.021;10
956;je0497350;10
957;j.tca.2009.12.008;10
958;j.jct.2008.01.007;10
959;j.jct.2008.01.008;10
960;j.jct.2011.09.008;10
961;je200150r;10
962;j.tca.2010.03.012;10
963;j.tca.2014.06.028;10
964;je040006u;10
965;j.fluid.2007.07.066;10
966;je700202h;10
967;j.tca.2014.05.014;10
968;j.fluid.2013.11.026;10
969;je100484n;10
970;je049793l;10
971;j.jct.2009.04.001;10
972;je0342062;10
973;j.jct.2004.11.017;10
974;j.jct.2004.11.012;10
975;j.jct.2013.02.010;10
976;je100159m;10
977;j.jct.2009.06.016;10
978;j.tca.2014.05.028;10
979;je300017m;10
980;j.tca.2005.06.007;10
981;je060003c;10
982;j.fluid.2011.02.010;10
983;j.jct.2012.03.025;10
984;j.jct.2005.09.001;10
985;j.jct.2013.05.003;10
986;s10765-006-0100-z;10
987;je801009z;10
988;je900237e;10
989;je0496903;10
990;j.fluid.2014.04.019;10
991;je0497395;10
992;j.jct.2015.06.036;10
993;je0600653;10
994;je600566v;10
995;je030133a;10
996;s10765-011-0997-8;10
997;je8004613;10
998;je030132i;10
999;je200124h;10
1000;j.jct.2013.11.015;10
1001;je8003723;10
1002;j.jct.2005.09.004;9
1003;j.jct.2007.07.001;9
1004;j.jct.2013.12.028;9
1005;je050010l;9
1006;j.tca.2015.08.023;9
1007;s10765-008-0444-7;9
1008;je8006138;9
1009;j.jct.2005.07.008;9
1010;j.jct.2013.03.023;9
1011;je020148t;9
1012;je800416y;9
1013;je600568w;9
1014;j.fluid.2013.08.005;9
1015;je900277m;9
1016;j.tca.2013.03.008;9
1017;je7006742;9
1018;je800664z;9
1019;j.tca.2013.03.010;9
1020;je050196o;9
1021;je0502389;9
1022;je100757w;9
1023;j.jct.2014.05.019;9
1024;j.jct.2007.06.002;9
1025;j.jct.2014.02.005;9
1026;je7002447;9
1027;j.jct.2008.01.009;9
1028;je0501639;9
1029;je060288t;9
1030;j.jct.2006.10.007;9
1031;je900906j;9
1032;j.fluid.2014.10.043;9
1033;j.fluid.2015.06.043;9
1034;je050092d;9
1035;je050484k;9
1036;je200862b;9
1037;j.jct.2014.10.005;9
1038;je049655w;9
1039;j.jct.2014.09.005;9
1040;je100679s;9
1041;je020196d;9
1042;j.fluid.2015.03.048;9
1043;je900969u;9
1044;je050031f;9
1045;je060420p;9
1046;je700140j;9
1047;je700626v;9
1048;je049943s;9
1049;j.fluid.2005.03.026;9
1050;je100315g;9
1051;j.jct.2013.05.029;9
1052;j.fluid.2006.03.018;9
1053;j.fluid.2005.09.012;9
1054;s10765-008-0500-3;9
1055;je050462y;9
1056;j.jct.2012.05.032;9
1057;je200030k;8
1058;je700294p;8
1059;j.jct.2006.07.013;8
1060;je300557g;8
1061;j.jct.2013.04.021;8
1062;acs.jced.5b00181;8
1063;j.jct.2007.08.005;8
1064;je700338t;8
1065;j.jct.2012.07.006;8
1066;j.tca.2011.06.003;8
1067;je060137q;8
1068;j.jct.2012.08.026;8
1069;j.jct.2007.05.010;8
1070;j.jct.2012.08.030;8
1071;je030218b;8
1072;je300358u;8
1073;je5008372;8
1074;je800100m;8
1075;je500594z;8
1076;je0602519;8
1077;je2000606;8
1078;j.jct.2004.11.015;8
1079;je401120a;8
1080;j.fluid.2010.08.010;8
1081;j.jct.2009.07.020;8
1082;j.fluid.2011.03.030;8
1083;je1005483;8
1084;je9003806;8
1085;j.tca.2009.02.005;8
1086;j.jct.2013.10.025;8
1087;j.jct.2007.09.011;8
1088;je9005129;8
1089;j.fluid.2015.05.009;8
1090;j.jct.2006.07.004;8
1091;s10765-015-1927-y;8
1092;j.jct.2006.11.001;8
1093;je034053i;8
1094;j.jct.2011.08.028;8
1095;je201014c;8
1096;je0301085;8
1097;acs.jced.5b00882;8
1098;acs.jced.5b00366;8
1099;je900274n;8
1100;j.tca.2013.06.031;8
1101;j.jct.2013.05.037;8
1102;j.jct.2006.10.004;8
1103;je9004933;8
1104;j.tca.2008.06.004;8
1105;je800831d;8
1106;j.fluid.2015.09.052;8
1107;j.jct.2005.08.011;8
1108;j.jct.2012.05.033;8
1109;j.jct.2012.04.020;8
1110;j.jct.2013.04.017;8
1111;je060150a;8
1112;je3002078;8
1113;j.jct.2013.06.009;8
1114;j.jct.2012.03.020;8
1115;je100595s;8
1116;j.jct.2014.02.019;8
1117;j.tca.2006.08.006;8
1118;je100823t;8
1119;s10765-010-0719-7;8
1120;je9005344;8
1121;je8001199;8
1122;je800348s;8
1123;je050151n;8
1124;je0497000;8
1125;j.jct.2010.10.018;8
1126;je100313a;8
1127;j.fluid.2006.08.018;8
1128;je100857s;8
1129;je060389r;8
1130;j.jct.2006.01.012;8
1131;j.jct.2005.07.020;8
1132;j.jct.2012.01.022;8
1133;j.jct.2006.12.017;8
1134;j.fluid.2005.06.024;8
1135;j.jct.2006.03.006;8
1136;j.fluid.2014.12.003;8
1137;j.jct.2013.05.024;8
1138;je1005196;8
1139;j.tca.2005.08.034;8
1140;j.jct.2015.02.004;8
1141;j.jct.2013.09.015;8
1142;je900715y;8
1143;je1012857;8
1144;j.jct.2013.08.010;8
1145;j.jct.2007.06.014;8
1146;je400231q;8
1147;j.tca.2016.02.005;8
1148;j.jct.2015.09.012;8
1149;j.jct.2013.05.041;7
1150;je5008795;7
1151;je9008014;7
1152;je300347z;7
1153;je800047t;7
1154;je030131q;7
1155;j.fluid.2009.07.009;7
1156;je060086x;7
1157;j.jct.2008.01.024;7
1158;j.jct.2012.07.012;7
1159;j.fluid.2005.06.011;7
1160;j.fluid.2007.02.026;7
1161;j.jct.2015.03.004;7
1162;j.jct.2011.07.018;7
1163;je800446c;7
1164;j.jct.2013.08.034;7
1165;j.jct.2014.04.025;7
1166;j.jct.2012.02.037;7
1167;j.fluid.2008.03.012;7
1168;j.fluid.2006.10.025;7
1169;j.jct.2014.03.025;7
1170;j.jct.2013.11.026;7
1171;je100888h;7
1172;j.fluid.2015.05.016;7
1173;je060139a;7
1174;je100594u;7
1175;j.fluid.2012.06.020;7
1176;je050085p;7
1177;j.jct.2005.10.011;7
1178;j.jct.2005.05.007;7
1179;j.jct.2012.04.026;7
1180;je8006698;7
1181;j.fluid.2014.03.008;7
1182;je034204h;7
1183;je7005055;7
1184;j.fluid.2008.01.020;7
1185;j.fluid.2013.06.007;7
1186;je0601208;7
1187;j.jct.2015.12.032;7
1188;je9006234;7
1189;je100095p;7
1190;je7005743;7
1191;je400487e;7
1192;j.fluid.2015.08.008;7
1193;j.jct.2005.04.006;7
1194;j.jct.2011.06.010;7
1195;j.tca.2013.02.002;7
1196;j.fluid.2015.06.003;7
1197;je0341413;7
1198;je800248w;7
1199;j.jct.2003.08.017;7
1200;j.jct.2008.05.010;7
1201;j.jct.2015.06.004;7
1202;je100290a;6
1203;j.tca.2007.07.008;6
1204;je060052p;6
1205;j.jct.2007.03.007;6
1206;j.jct.2003.09.004;6
1207;je800982n;6
1208;acs.jced.5b00922;6
1209;j.jct.2005.10.008;6
1210;j.jct.2011.10.028;6
1211;je300345m;6
1212;j.tca.2008.11.009;6
1213;je700648c;6
1214;je1006482;6
1215;je049909d;6
1216;je201121t;6
1217;j.jct.2009.06.019;6
1218;j.tca.2013.02.010;6
1219;j.tca.2012.02.017;6
1220;j.jct.2015.03.020;6
1221;j.jct.2012.02.022;6
1222;j.tca.2010.11.002;6
1223;je030207i;6
1224;je300146k;6
1225;s10765-010-0862-1;6
1226;j.fluid.2008.01.024;6
1227;je101031j;6
1228;j.jct.2013.01.008;6
1229;je100069q;6
1230;je034007i;6
1231;je100300s;6
1232;je020181f;6
1233;j.jct.2004.11.009;6
1234;je900059e;6
1235;j.fluid.2008.07.018;6
1236;acs.jced.5b00527;6
1237;s10765-010-0902-x;6
1238;j.tca.2014.03.013;6
1239;acs.jced.6b00019;6
1240;j.jct.2012.04.024;6
1241;j.jct.2012.01.003;6
1242;j.fluid.2007.07.063;6
1243;je100390b;6
1244;je3009073;6
1245;je800520w;6
1246;j.jct.2008.10.009;6
1247;je700408x;6
1248;je2011314;6
1249;je800942u;6
1250;je80082n;6
1251;je050294+;6
1252;je7007582;6
1253;j.jct.2012.08.023;6
1254;j.jct.2012.05.026;6
1255;je0496995;6
1256;je025579q;6
1257;je101144k;6
1258;j.tca.2013.09.006;6
1259;j.jct.2015.09.020;6
1260;j.tca.2007.08.008;6
1261;je050428j;6
1262;j.jct.2015.03.023;6
1263;je8006265;6
1264;j.jct.2013.08.016;6
1265;je049544x;6
1266;je1007923;6
1267;je060457+;6
1268;acs.jced.5b00122;6
1269;j.fluid.2008.04.014;6
1270;je060032n;6
1271;j.jct.2014.09.011;6
1272;je200333p;6
1273;je7001336;6
1274;j.jct.2010.11.009;6
1275;je030117d;6
1276;j.fluid.2013.06.006;6
1277;j.fluid.2008.04.010;6
1278;je501126j;6
1279;s10765-007-0169-z;6
1280;je201334p;6
1281;je300339q;6
1282;j.jct.2013.12.009;6
1283;j.fluid.2013.01.011;6
1284;je060113j;6
1285;je050420+;6
1286;j.jct.2013.04.001;6
1287;je049903o;6
1288;j.jct.2006.10.003;6
1289;je900570e;6
1290;je201130h;6
1291;je900807v;6
1292;j.jct.2014.09.001;6
1293;je030215z;6
1294;j.jct.2012.09.003;6
1295;je0501890;6
1296;j.jct.2013.12.008;6
1297;j.jct.2006.10.017;6
1298;je049540s;6
1299;je020149l;6
1300;je900481e;6
1301;je7003066;6
1302;j.jct.2015.07.035;6
1303;j.jct.2012.12.010;6
1304;j.fluid.2015.01.002;6
1305;j.fluid.2007.01.022;6
1306;j.jct.2006.02.005;6
1307;j.fluid.2007.10.017;6
1308;je0501991;6
1309;j.jct.2015.08.027;6
1310;j.tca.2014.03.027;6
1311;je700233p;6
1312;je0496894;6
1313;je1011604;6
1314;j.jct.2012.06.020;6
1315;je9006579;6
1316;j.jct.2014.04.004;6
1317;je060228n;6
1318;je050519g;6
1319;j.fluid.2009.06.018;6
1320;je030196t;6
1321;j.fluid.2006.04.010;6
1322;j.jct.2006.06.009;6
1323;acs.jced.5b00627;6
1324;j.jct.2005.02.011;6
1325;je0504109;6
1326;je500283s;6
1327;j.fluid.2006.04.016;6
1328;j.fluid.2014.10.013;6
1329;j.jct.2006.07.015;6
1330;je050527x;5
1331;j.jct.2015.08.036;5
1332;j.fluid.2008.06.012;5
1333;je050520f;5
1334;je900188m;5
1335;j.jct.2015.10.026;5
1336;je7006956;5
1337;je8007217;5
1338;j.jct.2006.12.012;5
1339;j.tca.2009.02.022;5
1340;j.fluid.2013.01.002;5
1341;je200886j;5
1342;acs.jced.5b00670;5
1343;j.jct.2013.10.013;5
1344;j.jct.2008.01.023;5
1345;acs.jced.5b00326;5
1346;je049788h;5
1347;je049807n;5
1348;j.fluid.2013.07.037;5
1349;je0497294;5
1350;j.jct.2012.11.005;5
1351;je0202073;5
1352;je300733a;5
1353;j.fluid.2015.01.026;5
1354;je049712l;5
1355;je301220s;5
1356;j.fluid.2007.05.013;5
1357;j.jct.2005.02.006;5
1358;j.jct.2012.05.001;5
1359;j.jct.2004.07.010;5
1360;j.jct.2008.05.002;5
1361;j.jct.2013.05.012;5
1362;j.fluid.2014.01.044;5
1363;j.fluid.2006.12.010;5
1364;j.fluid.2006.12.012;5
1365;j.tca.2007.04.012;5
1366;j.jct.2015.10.001;5
1367;je201053v;5
1368;je201211f;5
1369;j.jct.2014.01.022;5
1370;je900542y;5
1371;je034279l;5
1372;je300628e;5
1373;je050523s;5
1374;je9002114;5
1375;j.jct.2012.10.028;5
1376;je500389t;5
1377;j.jct.2012.10.022;5
1378;je900598y;5
1379;j.jct.2011.10.009;5
1380;j.fluid.2014.01.022;5
1381;je020191g;5
1382;je1009976;5
1383;je060138i;5
1384;j.jct.2004.07.024;5
1385;je500067f;5
1386;je034259j;5
1387;j.jct.2014.03.003;5
1388;j.jct.2013.12.029;5
1389;je700577t;5
1390;j.jct.2013.11.028;5
1391;je300938w;5
1392;j.jct.2010.08.006;5
1393;j.fluid.2014.08.002;5
1394;j.jct.2010.12.012;5
1395;j.fluid.2009.04.017;5
1396;j.jct.2004.07.012;5
1397;je2009736;5
1398;je9005823;5
1399;je101173w;5
1400;j.jct.2010.04.003;5
1401;je900730w;5
1402;j.fluid.2006.09.014;5
1403;j.jct.2007.01.017;5
1404;je900785z;5
1405;je0495583;5
1406;je0301895;5
1407;je025629r;5
1408;je5009119;5
1409;j.jct.2005.05.004;5
1410;je020185k;5
1411;j.fluid.2013.12.020;5
1412;j.jct.2005.07.012;5
1413;je300696c;5
1414;j.fluid.2008.01.007;5
1415;je200457q;5
1416;je900311v;5
1417;je200334e;5
1418;je9001027;5
1419;j.jct.2013.07.011;5
1420;j.jct.2014.01.007;5
1421;j.jct.2010.11.013;5
1422;j.fluid.2015.07.016;5
1423;j.fluid.2007.09.009;5
1424;j.jct.2005.08.009;5
1425;je9000608;5
1426;je200974r;5
1427;je0256028;5
1428;j.fluid.2005.02.014;5
1429;j.jct.2008.09.021;5
1430;acs.jced.5b00209;5
1431;je300826t;5
1432;je0600303;5
1433;je034290l;5
1434;je034182z;5
1435;acs.jced.5b00256;5
1436;j.fluid.2013.10.033;5
1437;j.tca.2011.10.030;5
1438;j.jct.2005.05.006;5
1439;je900510x;5
1440;j.fluid.2015.10.027;5
1441;je049605r;5
1442;je0341763;5
1443;j.fluid.2009.09.019;5
1444;j.jct.2010.11.004;5
1445;s10765-009-0622-2;5
1446;je034142v;5
1447;je0500577;5
1448;j.fluid.2013.05.016;5
1449;je1001544;5
1450;j.jct.2007.06.017;5
1451;acs.jced.5b00804;5
1452;acs.jced.5b00893;5
1453;j.jct.2005.07.009;5
1454;j.fluid.2013.01.025;5
1455;j.jct.2010.07.002;5
1456;je7007395;5
1457;j.jct.2006.05.004;5
1458;j.jct.2006.05.001;5
1459;je100921h;5
1460;j.jct.2008.01.002;5
1461;je034073k;5
1462;j.fluid.2011.01.012;5
1463;je100190e;5
1464;je100078w;5
1465;j.jct.2008.10.017;5
1466;je401095k;5
1467;je8001688;5
1468;je050231r;5
1469;j.jct.2008.07.014;5
1470;j.fluid.2013.01.024;5
1471;je3003578;5
1472;j.fluid.2007.01.021;5
1473;je100489z;5
1474;je8002964;5
1475;j.jct.2004.12.014;5
1476;j.fluid.2014.01.013;5
1477;je100177u;5
1478;je0500330;4
1479;j.fluid.2007.06.008;4
1480;j.fluid.2014.07.004;4
1481;je700404u;4
1482;j.fluid.2013.07.054;4
1483;j.jct.2006.07.002;4
1484;je800503d;4
1485;j.fluid.2015.03.027;4
1486;j.jct.2009.02.007;4
1487;acs.jced.5b00816;4
1488;j.jct.2007.01.013;4
1489;je049576k;4
1490;je800915d;4
1491;acs.jced.5b00918;4
1492;j.fluid.2006.07.011;4
1493;je9006037;4
1494;je8001128;4
1495;j.fluid.2013.06.013;4
1496;je100897y;4
1497;je3002283;4
1498;j.tca.2009.12.001;4
1499;j.fluid.2005.10.020;4
1500;je060217u;4
1501;je100803e;4
1502;je700605t;4
1503;j.fluid.2006.10.004;4
1504;je900586f;4
1505;s10765-010-0717-9;4
1506;je034018b;4
1507;j.fluid.2015.03.023;4
1508;je700206y;4
1509;j.jct.2013.05.014;4
1510;je049681u;4
1511;j.jct.2010.12.027;4
1512;j.jct.2014.10.015;4
1513;j.jct.2013.05.019;4
1514;j.fluid.2015.04.017;4
1515;je700741x;4
1516;acs.jced.5b00753;4
1517;je0302295;4
1518;j.fluid.2013.10.022;4
1519;je1002626;4
1520;acs.jced.5b00582;4
1521;je0497653;4
1522;j.fluid.2013.01.015;4
1523;j.fluid.2014.03.002;4
1524;j.jct.2010.12.014;4
1525;acs.jced.5b00542;4
1526;je900278v;4
1527;s10765-009-0665-4;4
1528;j.jct.2013.01.015;4
1529;je030161t;4
1530;je300670n;4
1531;s10765-013-1483-2;4
1532;je1011828;4
1533;s10765-015-2006-0;4
1534;je049657g;4
1535;j.jct.2012.07.003;4
1536;j.fluid.2011.01.005;4
1537;j.jct.2008.09.003;4
1538;j.fluid.2015.06.016;4
1539;j.tca.2013.01.003;4
1540;je060238o;4
1541;j.fluid.2011.01.007;4
1542;j.fluid.2012.06.013;4
1543;je100704j;4
1544;j.fluid.2012.06.031;4
1545;j.jct.2008.01.025;4
1546;je100830b;4
1547;j.fluid.2007.08.008;4
1548;je801001h;4
1549;je050483s;4
1550;je0502391;4
1551;je060469v;4
1552;j.fluid.2014.06.023;4
1553;j.fluid.2015.05.002;4
1554;je800101v;4
1555;je3004194;4
1556;j.fluid.2015.04.019;4
1557;j.jct.2006.10.005;4
1558;je8001249;4
1559;j.jct.2013.03.018;4
1560;j.jct.2007.04.004;4
1561;j.jct.2009.06.001;4
1562;j.fluid.2008.08.004;4
1563;j.jct.2005.07.017;4
1564;j.jct.2014.09.009;4
1565;j.jct.2012.03.034;4
1566;j.tca.2012.10.017;4
1567;je0302147;4
1568;je7000733;4
1569;j.fluid.2013.03.029;4
1570;j.jct.2013.08.023;4
1571;je060001s;4
1572;je300742t;4
1573;je7003512;4
1574;je900812v;4
1575;j.jct.2012.08.029;4
1576;j.fluid.2006.06.017;4
1577;je049701s;4
1578;j.jct.2005.08.018;4
1579;j.jct.2014.02.021;4
1580;je200646r;4
1581;je050005h;4
1582;j.tca.2011.10.009;4
1583;j.fluid.2012.11.040;4
1584;j.jct.2011.04.006;4
1585;je201152j;4
1586;j.fluid.2015.05.032;4
1587;j.jct.2004.12.005;4
1588;je700316s;4
1589;je9004189;4
1590;j.jct.2006.09.006;4
1591;je400606c;4
1592;j.jct.2015.02.013;4
1593;je900697w;4
1594;je049778g;4
1595;acs.jced.5b00064;4
1596;j.jct.2015.01.013;4
1597;j.jct.2008.10.007;4
1598;je060479w;4
1599;je301238f;4
1600;j.jct.2013.11.002;4
1601;j.tca.2008.11.007;4
1602;je2012633;4
1603;j.fluid.2005.09.025;4
1604;j.fluid.2007.07.023;4
1605;j.fluid.2012.12.022;4
1606;j.fluid.2015.07.032;4
1607;je401020e;4
1608;je900470r;4
1609;je1008813;4
1610;je0600799;4
1611;je800048f;4
1612;j.tca.2012.11.004;4
1613;j.jct.2005.10.018;4
1614;j.jct.2014.03.007;4
1615;j.fluid.2015.04.001;4
1616;je800407h;4
1617;j.jct.2007.02.012;4
1618;j.fluid.2005.09.010;4
1619;je400214b;4
1620;je050029o;4
1621;j.fluid.2013.03.002;4
1622;j.fluid.2013.07.028;4
1623;j.fluid.2012.09.019;4
1624;j.fluid.2013.11.008;4
1625;j.jct.2013.11.020;4
1626;j.fluid.2013.07.015;4
1627;je030238d;4
1628;j.jct.2006.03.020;4
1629;j.jct.2012.08.010;4
1630;je300678r;4
1631;je100508y;4
1632;je4009238;4
1633;acs.jced.5b01048;4
1634;j.fluid.2014.06.015;4
1635;je020178w;4
1636;je4007184;4
1637;j.jct.2012.04.011;4
1638;j.fluid.2015.08.012;4
1639;j.fluid.2014.12.027;4
1640;j.fluid.2005.11.020;4
1641;j.fluid.2015.08.005;4
1642;j.fluid.2008.06.004;4
1643;j.jct.2015.08.021;4
1644;je300737t;4
1645;j.fluid.2005.08.001;4
1646;j.tca.2008.09.006;4
1647;j.fluid.2007.10.011;4
1648;j.jct.2007.03.009;4
1649;j.fluid.2007.10.010;4
1650;j.fluid.2008.02.018;4
1651;je400491p;4
1652;j.jct.2004.05.001;4
1653;je060084c;4
1654;j.fluid.2013.10.034;4
1655;je500237g;4
1656;j.tca.2005.11.024;4
1657;j.jct.2006.07.017;4
1658;j.jct.2006.07.014;4
1659;je200038n;4
1660;j.jct.2007.03.008;4
1661;je300683r;4
1662;j.fluid.2013.10.012;4
1663;j.jct.2007.03.004;4
1664;j.jct.2003.09.005;4
1665;j.fluid.2005.05.018;4
1666;j.jct.2003.09.001;4
1667;j.fluid.2008.07.001;4
1668;j.tca.2014.10.018;4
1669;je0505366;4
1670;j.fluid.2005.06.019;3
1671;j.jct.2014.05.005;3
1672;je200111a;3
1673;j.jct.2013.08.011;3
1674;je800298n;3
1675;j.jct.2013.09.046;3
1676;j.fluid.2008.11.001;3
1677;je800972b;3
1678;j.jct.2013.12.024;3
1679;je060108f;3
1680;je040002p;3
1681;je0502142;3
1682;je400581e;3
1683;j.jct.2013.01.016;3
1684;j.jct.2010.03.011;3
1685;je700594n;3
1686;j.jct.2013.09.018;3
1687;j.jct.2013.07.003;3
1688;je060195b;3
1689;j.jct.2004.09.022;3
1690;je700034q;3
1691;je0603271;3
1692;je9004646;3
1693;j.jct.2010.08.019;3
1694;je300994y;3
1695;je300762m;3
1696;je600578u;3
1697;j.fluid.2013.01.020;3
1698;je7007445;3
1699;j.fluid.2013.09.030;3
1700;j.fluid.2014.01.046;3
1701;je050062a;3
1702;j.jct.2009.10.003;3
1703;j.fluid.2007.03.030;3
1704;j.jct.2007.06.016;3
1705;j.jct.2013.07.010;3
1706;j.fluid.2005.03.014;3
1707;je700126z;3
1708;je060314n;3
1709;j.jct.2014.02.022;3
1710;je050013y;3
1711;je2006117;3
1712;je500380x;3
1713;j.jct.2014.02.024;3
1714;je0501944;3
1715;j.jct.2013.09.006;3
1716;j.jct.2014.03.008;3
1717;je5010824;3
1718;je700099w;3
1719;j.jct.2005.03.008;3
1720;je900327x;3
1721;je900669t;3
1722;j.fluid.2015.07.023;3
1723;j.fluid.2008.11.012;3
1724;j.tca.2012.06.014;3
1725;je201010s;3
1726;j.fluid.2008.01.010;3
1727;je0600810;3
1728;je400562z;3
1729;je600519p;3
1730;j.jct.2012.03.019;3
1731;je200868y;3
1732;j.jct.2004.08.012;3
1733;je0502905;3
1734;j.jct.2012.04.015;3
1735;j.jct.2013.09.026;3
1736;je100912t;3
1737;je101302p;3
1738;j.jct.2005.10.001;3
1739;j.fluid.2012.10.015;3
1740;je050538q;3
1741;je3012925;3
1742;j.jct.2004.12.001;3
1743;je900042q;3
1744;je900643r;3
1745;je800345j;3
1746;je700119m;3
1747;j.jct.2012.03.011;3
1748;j.tca.2006.08.007;3
1749;je025651k;3
1750;j.fluid.2008.06.006;3
1751;j.fluid.2008.06.003;3
1752;j.fluid.2007.10.016;3
1753;je800842z;3
1754;je800535c;3
1755;j.jct.2015.12.031;3
1756;je0342318;3
1757;j.tca.2008.02.008;3
1758;j.tca.2010.07.017;3
1759;je0505164;3
1760;je700492k;3
1761;j.jct.2006.05.005;3
1762;je0201370;3
1763;j.fluid.2015.03.049;3
1764;je034255e;3
1765;je700445y;3
1766;je0604479;3
1767;je500332k;3
1768;j.fluid.2014.07.039;3
1769;je700094y;3
1770;je020186c;3
1771;j.fluid.2007.12.008;3
1772;j.jct.2008.10.013;3
1773;j.fluid.2005.04.003;3
1774;je030216r;3
1775;j.tca.2006.01.008;3
1776;s10765-015-1922-3;3
1777;je700460w;3
1778;j.jct.2011.09.007;3
1779;je700546r;3
1780;j.fluid.2005.09.015;3
1781;j.fluid.2014.07.023;3
1782;je700411p;3
1783;je900332x;3
1784;je4004993;3
1785;je4006739;3
1786;j.tca.2010.02.010;3
1787;j.tca.2013.02.006;3
1788;je101191e;3
1789;j.fluid.2014.07.032;3
1790;je100776x;3
1791;acs.jced.5b00451;3
1792;je900262t;3
1793;j.jct.2009.04.006;3
1794;s10765-011-1100-1;3
1795;j.fluid.2007.08.020;3
1796;je0504111;3
1797;je060237w;3
1798;j.jct.2013.08.020;3
1799;je1000473;3
1800;je900557u;3
1801;je100716c;3
1802;je0601309;3
1803;j.jct.2008.01.017;3
1804;j.jct.2007.02.004;3
1805;acs.jced.5b00950;3
1806;j.fluid.2014.01.033;3
1807;je901026b;3
1808;j.jct.2015.10.018;3
1809;je800159w;3
1810;j.jct.2006.08.011;3
1811;j.fluid.2007.09.014;3
1812;j.fluid.2014.04.025;3
1813;j.tca.2014.11.010;3
1814;je900830s;3
1815;j.jct.2006.12.003;3
1816;j.fluid.2013.06.018;3
1817;j.fluid.2005.05.024;3
1818;j.jct.2011.10.025;3
1819;j.fluid.2007.01.038;3
1820;j.jct.2007.09.009;3
1821;j.jct.2015.06.025;3
1822;j.fluid.2008.06.019;3
1823;j.jct.2015.11.016;3
1824;j.fluid.2008.09.005;3
1825;j.fluid.2012.09.038;3
1826;je900259b;3
1827;j.fluid.2013.10.060;3
1828;j.fluid.2014.02.006;3
1829;je101301s;3
1830;j.tca.2012.08.001;3
1831;j.jct.2006.03.003;3
1832;j.jct.2005.12.003;3
1833;je800071q;3
1834;j.fluid.2013.09.029;3
1835;j.jct.2015.07.022;3
1836;j.jct.2012.12.017;3
1837;je5009944;3
1838;je200279q;3
1839;je100028s;3
1840;je700700f;3
1841;je900058p;3
1842;j.fluid.2005.07.010;3
1843;j.fluid.2007.06.005;3
1844;j.fluid.2006.07.003;3
1845;j.fluid.2014.07.041;3
1846;j.jct.2009.11.020;3
1847;j.jct.2006.05.012;3
1848;acs.jced.5b00131;3
1849;je700103k;3
1850;j.fluid.2005.01.007;3
1851;j.fluid.2008.08.012;3
1852;j.jct.2015.07.020;3
1853;je030127e;2
1854;je300810p;2
1855;j.fluid.2007.05.026;2
1856;j.jct.2012.01.023;2
1857;j.jct.2012.02.027;2
1858;je500672d;2
1859;je050209y;2
1860;j.tca.2009.07.011;2
1861;je900656c;2
1862;acs.jced.5b00331;2
1863;j.fluid.2012.11.004;2
1864;j.fluid.2015.10.035;2
1865;je700621d;2
1866;je900366m;2
1867;j.jct.2005.01.004;2
1868;j.fluid.2006.01.024;2
1869;j.fluid.2008.11.014;2
1870;j.fluid.2006.10.005;2
1871;je400488x;2
1872;j.fluid.2015.04.031;2
1873;j.jct.2005.03.003;2
1874;j.jct.2012.12.025;2
1875;j.tca.2014.12.020;2
1876;je060126x;2
1877;j.fluid.2013.01.022;2
1878;je900337a;2
1879;je049953t;2
1880;j.jct.2015.04.034;2
1881;je800885h;2
1882;j.fluid.2015.11.009;2
1883;je700350b;2
1884;je100033s;2
1885;j.fluid.2009.07.010;2
1886;j.jct.2014.02.012;2
1887;je034227w;2
1888;j.jct.2006.03.017;2
1889;je1002048;2
1890;j.fluid.2009.09.015;2
1891;j.jct.2009.07.005;2
1892;je700063c;2
1893;j.fluid.2014.12.029;2
1894;je100614r;2
1895;je501085y;2
1896;je049571n;2
1897;j.jct.2015.06.029;2
1898;je101250d;2
1899;je2000099;2
1900;je400036b;2
1901;j.fluid.2015.07.017;2
1902;j.fluid.2010.10.003;2
1903;je700013g;2
1904;je100517z;2
1905;j.jct.2015.01.016;2
1906;j.jct.2005.08.001;2
1907;je400004j;2
1908;je100075m;2
1909;j.jct.2005.03.017;2
1910;je301122r;2
1911;j.jct.2016.01.008;2
1912;je800899w;2
1913;j.fluid.2006.07.016;2
1914;je025649t;2
1915;je400531a;2
1916;j.jct.2006.08.003;2
1917;je0301500;2
1918;j.fluid.2008.08.015;2
1919;j.fluid.2014.11.009;2
1920;j.jct.2004.09.002;2
1921;je400683g;2
1922;je300886k;2
1923;j.jct.2007.04.010;2
1924;je100747y;2
1925;j.fluid.2015.08.014;2
1926;j.fluid.2010.05.018;2
1927;je700618y;2
1928;j.jct.2005.07.025;2
1929;j.fluid.2006.01.008;2
1930;j.jct.2007.06.009;2
1931;je500448j;2
1932;j.fluid.2013.11.036;2
1933;j.jct.2011.07.008;2
1934;j.fluid.2012.12.003;2
1935;je034223r;2
1936;je201140q;2
1937;j.jct.2005.04.005;2
1938;j.fluid.2015.07.045;2
1939;j.jct.2013.05.011;2
1940;j.jct.2012.06.028;2
1941;j.jct.2006.07.001;2
1942;je2009208;2
1943;je060163o;2
1944;je049691v;2
1945;je500418f;2
1946;j.jct.2013.02.020;2
1947;je200215d;2
1948;j.fluid.2007.04.009;2
1949;j.fluid.2006.01.017;2
1950;j.jct.2005.02.005;2
1951;je9008624;2
1952;je1011339;2
1953;j.fluid.2014.01.034;2
1954;j.jct.2015.10.011;2
1955;je101035p;2
1956;je700362q;2
1957;je901065e;2
1958;je100940w;2
1959;je9004068;2
1960;j.fluid.2005.09.009;2
1961;je800984q;2
1962;je500160t;2
1963;j.fluid.2012.10.004;2
1964;je700290j;2
1965;j.jct.2012.01.005;2
1966;je2002495;2
1967;j.fluid.2013.02.003;2
1968;j.fluid.2013.02.005;2
1969;j.fluid.2011.12.007;2
1970;je0340912;2
1971;je025631i;2
1972;j.jct.2004.07.023;2
1973;j.tca.2009.04.012;2
1974;je049808f;2
1975;je300076y;2
1976;j.fluid.2008.03.002;2
1977;je049932z;2
1978;j.jct.2004.12.003;2
1979;j.fluid.2008.11.006;2
1980;j.jct.2008.01.001;2
1981;je800568m;2
1982;j.fluid.2006.05.029;2
1983;j.fluid.2006.03.012;2
1984;j.fluid.2005.09.013;2
1985;je500422t;2
1986;j.fluid.2007.01.033;1
1987;j.jct.2008.04.008;1
1988;je200872n;1
1989;je2008523;1
1990;je600527c;1
1991;j.jct.2012.03.002;1
1992;j.tca.2013.05.022;1
1993;j.fluid.2007.12.003;1
1994;j.jct.2004.10.005;1
1995;j.jct.2014.12.005;1
1996;je900725w;1
1997;je700710d;1
1998;j.jct.2009.08.002;1
1999;j.tca.2010.11.025;1
2000;je0602521;1
2001;j.tca.2011.04.012;1
2002;je100624p;1
2003;j.tca.2009.10.018;1
2004;je4005883;1
2005;je4004405;1
2006;je5007696;1
2007;s10765-009-0651-x;1
2008;j.fluid.2012.11.018;1
2009;je4003916;1
2010;j.tca.2015.03.023;1
2011;j.jct.2012.04.017;1
2012;j.fluid.2011.10.026;1
2013;j.jct.2014.12.006;1
2014;je4009415;1
2015;j.jct.2013.05.021;1
2016;je800145h;1
2017;j.fluid.2007.03.021;1
2018;je900998f;1
2019;je0499059;1
2020;j.tca.2010.07.027;1
2021;j.fluid.2012.05.007;1
2022;je050514j;1
2023;j.jct.2014.08.020;1
2024;j.fluid.2009.06.002;1
2025;j.jct.2009.10.002;1
2026;j.fluid.2014.06.019;1
2027;j.fluid.2009.03.017;1
2028;je8009978;1
2029;j.tca.2014.10.015;1
2030;j.jct.2015.02.017;1
2031;j.jct.2015.03.012;1
2032;j.jct.2008.02.019;1
2033;je5005559;1
2034;j.fluid.2012.12.021;1
2035;je9006184;1
2036;j.jct.2012.02.006;1
2037;j.jct.2015.10.009;1
2038;je200226z;1
2039;je100259j;1
2040;je8009732;1
2041;je1004643;1
2042;je8001877;1
2043;je301319g;1
2044;acs.jced.5b00301;1
2045;j.jct.2015.08.011;1
2046;j.jct.2006.02.008;1
2047;je900915p;1
2048;j.tca.2008.09.005;1
2049;j.fluid.2013.10.036;1
2050;je700318e;1
2051;j.jct.2015.07.039;1
